system:time_start,Sprawl_Zone_Core_mean,Sprawl_Zone_Core_std,Control_Zone_mean,Control_Zone_std
2015-01-19 10:58:34.006,4.470696689280048,0.6991188121163016,3.58210250297947,0.488788834544423
2015-01-20 10:50:56.343,2.310135448705897,1.0539165663013663,0.5869676030009304,0.6984971298552252
2015-01-27 10:57:12.518,,,,
2015-02-04 10:58:30.509,4.6113549714631565,0.736609097034314,4.356600520083071,0.1901583081631508
2015-02-05 10:51:05.484,,,,
2015-02-20 10:58:23.358,,,,
2015-02-21 10:51:10.878,,,,
2015-03-01 10:52:09.877,,,,
2015-03-08 10:58:15.380,,,,
2015-03-09 10:51:16.918,,,,
2015-03-17 10:51:59.162,,,,
2015-03-24 10:58:06.460,,,,
2015-03-25 10:51:26.599,,,,
2015-04-01 10:57:38.696,,,,
2015-04-02 10:51:46.871,8.938783108258933,1.8806454169904179,5.342469124034472,0.7401980050145791
2015-04-09 10:57:56.992,22.758427708210988,1.8643295355412763,21.605497374058235,0.715602726638805
2015-04-10 10:51:34.812,,,,
2015-04-17 10:57:48.005,,,,
2015-04-18 10:51:46.593,21.262759874899768,1.6284481213710191,20.331862364469647,0.8077094545282055
2015-04-25 10:57:53.757,,,,
2015-05-04 10:51:33.963,,,,
2015-05-11 10:57:37.818,19.067783726662007,1.6316928895780767,,
2015-05-12 10:51:48.892,26.30061484634707,3.075157832639778,22.127641076373536,1.161889944837511
2015-05-19 10:58:02.001,,,,
2015-05-27 10:57:38.685,28.72263558490659,2.952113633564265,26.41736393051371,1.1121825668343235
2015-05-28 10:51:52.384,22.809848661737657,0.9732071284131052,25.55601939142711,1.4405100116114722
2015-06-04 10:58:07.568,26.84058832694838,3.8541115028084305,24.794598774266717,1.008329704402939
2015-06-05 10:51:34.614,,,,
2015-06-12 10:57:50.340,,,,
2015-06-21 10:51:42.626,,,,
2015-06-29 10:52:02.114,,,,
2015-07-06 10:58:15.933,,,,
2015-07-07 10:51:52.104,,,,
2015-07-23 10:51:59.301,30.4861410228707,2.8045786743859646,28.373154681242074,1.9199660488445842
2015-07-30 10:58:11.483,,,,
2015-07-31 10:52:10.195,24.67413097802451,2.528589378126804,30.929835534977347,2.23470203973856
2015-08-07 10:58:23.505,,,,
2015-08-08 10:52:02.193,33.68675430207437,1.4013787773403596,34.26066193774254,1.4258490872144558
2015-08-15 10:58:17.270,26.126397056275042,1.70271358881095,19.12662693560617,1.5196441767116753
2015-08-16 10:52:14.444,30.02521901678905,2.857524831374044,,
2015-09-01 10:52:13.684,,,,
2015-09-08 10:58:27.859,,,,
2015-09-09 10:52:16.465,,,,
2015-09-17 10:52:20.229,,,,
2015-09-24 10:58:32.507,19.910515532107542,2.405738512821924,20.560894619708925,1.166369023986977
2015-09-25 10:52:23.474,22.54420164732938,2.131708873284818,,
2015-10-02 10:58:35.558,20.96256775976709,1.1330909909561275,20.795693795976035,0.8939390997075719
2015-10-03 10:52:20.714,,,,
2015-10-10 10:58:40.835,,,,
2015-10-11 10:52:24.466,,,,
2015-10-18 10:58:36.360,,,,
2015-10-26 10:58:57.676,,,,
2015-10-27 10:52:29.514,-6.10169216984841,3.441963865365298,-12.436691340468013,0.9634852829676674
2015-11-11 10:59:13.143,,,,
2015-11-12 10:52:29.589,,,,
2015-11-28 10:52:32.914,,,,
2016-01-06 10:58:38.666,,,,
2016-01-14 11:00:11.841,,,,
2016-01-15 10:52:28.756,3.850319236470608,0.7434651082560177,3.2130719308522386,0.5083020282310267
2016-01-23 10:54:07.538,,,,
2016-01-30 11:00:22.176,,,,
2016-02-07 10:58:35.302,8.572191073999038,0.7235213629191506,,
2016-02-08 10:54:14.974,,,,
2016-02-15 11:00:27.015,5.12710664729637,1.4809670143703815,4.730600527328596,0.7821305604957131
2016-02-16 10:52:18.848,7.083988665076119,0.9269798719358754,6.213425518776083,0.6482941407575319
2016-02-23 10:58:28.246,,,7.706022634333179,0.7263659732961298
2016-02-24 10:54:16.406,9.044390664215399,1.1575336508058098,7.691115810838075,0.7990895409275659
2016-03-03 10:52:17.148,,,,
2016-03-11 10:54:27.567,,,,
2016-03-27 10:54:32.889,,,,
2016-04-03 11:00:44.674,15.971729900000014,0.0,,
2016-04-04 10:52:02.305,,,,
2016-04-11 10:58:11.235,,,,
2016-04-12 10:54:38.268,18.94880102242236,2.4947870066408604,20.19699167085334,0.5971434954258866
2016-04-19 11:00:52.601,,,,
2016-04-20 10:51:56.496,19.298414407021717,1.8155249869356926,18.304401325421605,0.597597998252633
2016-04-27 10:58:07.481,16.67357912603616,0.9196118435471935,,
2016-04-28 10:54:45.229,21.880017766328784,3.6914125661276818,19.688583410231583,0.6697895199182766
2016-05-05 11:00:57.811,27.81485671353273,3.5500776755183043,24.4677555159418,0.6640026036722562
2016-05-06 10:51:59.651,22.554875105448623,2.6584406855675438,16.650728806784894,0.651428289148291
2016-05-13 10:58:06.511,23.944469851947844,1.9728322452320093,23.713872094640426,0.8043987108865271
2016-05-14 10:54:47.797,19.111347280576616,4.275658163261881,20.274994871650062,1.0273984569096164
2016-05-22 10:52:00.189,,,,
2016-05-29 10:58:13.488,,,,
2016-06-07 10:52:04.736,,,,
2016-06-15 10:54:56.859,,,26.113947087796372,0.9342611569740097
2016-06-23 10:52:10.059,,,,
2016-06-30 10:58:24.918,,,,
2016-07-08 11:01:07.941,,,,
2016-07-09 10:52:18.582,,,,
2016-07-16 10:58:32.069,25.413559342442774,0.2810454113394148,,
2016-07-17 10:54:57.933,,,,
2016-07-24 11:01:10.228,27.388614764347157,2.8093272069926427,,
2016-07-25 10:52:23.663,25.02041722173415,2.728022659660639,23.226648991278346,0.8733674230184173
2016-08-01 10:58:35.651,,,,
2016-08-09 11:01:11.890,19.276283726015187,1.2536122337154214,22.081765233927868,1.6366511034849995
2016-08-10 10:52:25.542,,,,
2016-08-17 10:58:39.526,30.304466093090713,2.199430684968636,30.4309408645548,0.9448193696247438
2016-08-18 10:55:01.540,27.65409622769612,2.3952889212769097,,
2016-08-25 11:01:14.395,,,,
2016-08-26 10:52:32.770,26.328780027138727,2.0346395018123267,29.97942007430645,1.0864546614613193
2016-09-03 10:55:05.520,,,,
2016-09-11 10:52:37.167,25.32093184873415,1.9867290134783557,23.56594196420671,1.0608946087871023
2016-09-18 10:58:48.649,,,,
2016-09-19 10:55:07.301,,,,
2016-09-27 10:52:37.555,,,,
2016-10-04 10:58:50.464,,,,
2016-10-05 10:55:09.207,19.12120769289985,1.3793404923213306,19.14712995549007,1.0347531255587243
2016-10-12 11:01:19.678,,,,
2016-10-13 10:52:42.989,15.59364695219146,0.5161317184123981,14.327478243363569,0.6105567788595222
2016-10-20 10:58:55.123,14.867803730650786,0.6486372047193338,,
2016-10-21 10:55:07.078,,,,
2016-10-28 11:01:15.685,18.12981271950676,1.3258964690473838,17.37961732053645,0.4404368327681664
2016-10-29 10:52:44.810,,,,
2016-11-05 10:58:54.954,,,,
2016-11-06 10:55:00.912,9.127827354375007,1.1646734350929135,9.393383526510563,0.6722553489856513
2016-11-13 11:01:07.880,9.211720739366733,0.8592412214939558,10.298185052784802,0.7210187165211249
2016-11-29 11:01:05.364,5.046574805449961,0.9434626810197879,4.069543114993783,0.7905188209942496
2016-11-30 10:52:43.734,2.439882605874456,1.060153488414865,0.5531362317903993,0.5015598940166324
2016-12-07 10:58:53.193,,,,
2017-01-17 10:52:32.594,4.81587199794961,0.7054472507606909,3.9147679889664704,0.5450622847785059
2017-01-24 10:58:40.761,3.3457986137646274,0.7602016940751082,2.9097423183868356,0.4531465921169787
2017-02-02 10:52:25.623,,,,
2017-02-17 11:00:33.040,,,,
2017-02-18 10:52:19.166,,,,
2017-03-05 11:00:41.258,,,,
2017-03-06 10:52:12.448,8.653467885024677,1.0275062377245263,,
2017-03-13 10:58:19.157,,,,
2017-03-21 11:00:46.848,14.777322923723343,2.1086586433676238,13.610804253161302,0.6401017011343044
2017-03-22 10:52:02.212,,,,
2017-03-30 10:54:38.222,,,,
2017-04-06 11:00:50.794,22.430272304607698,3.2163414336740797,20.651477586004102,1.0294536848101585
2017-04-07 10:51:55.462,22.921217352920937,2.1776628354946164,21.500847068504097,0.7753041466804931
2017-04-15 10:54:44.565,,,,
2017-04-22 11:00:58.348,18.869620925177365,2.2372679796586175,,
2017-04-23 10:51:45.759,22.41485376959949,1.7649539121709503,,
2017-04-30 10:57:51.771,,,,
2017-05-08 11:01:02.737,,,,
2017-05-16 10:58:01.239,,,,
2017-05-24 11:01:05.155,26.914519628850364,4.35486130173168,,
2017-05-25 10:51:56.294,33.9168608738386,3.5702669272344343,,
2017-06-01 10:58:10.915,32.781710055765025,4.014359731476673,31.114142845339593,0.0
2017-06-02 10:54:57.434,,,,
2017-06-09 11:01:10.179,,,26.608044809024996,1.7638886854916747
2017-06-10 10:52:04.203,32.51090224480132,3.39831396455052,32.69043553192204,1.1683770766992951
2017-06-17 10:58:17.604,36.73821392784644,3.881880496482659,37.29610753851029,1.6540985454788513
2017-06-18 10:55:01.270,33.718982887822754,1.4529723705416373,,
2017-06-25 11:01:13.153,,,,
2017-06-26 10:52:09.402,36.254360107857465,3.8362555442905686,37.52092862523119,2.338518510856486
2017-07-03 10:58:21.652,,,,
2017-07-04 10:55:03.137,,,,
2017-07-12 10:52:12.098,,,,
2017-07-20 10:55:03.215,,,,
2017-07-27 11:01:13.448,,,,
2017-07-28 10:52:19.923,,,,
2017-08-04 10:58:33.697,,,,
2017-08-05 10:55:01.420,27.9393927936928,3.1202337221796985,22.763499892677373,1.3753968053244316
2017-08-12 11:01:10.895,23.20869264867235,0.6557603058783572,,
2017-08-13 10:52:26.042,29.093218525407625,3.041899955833392,27.94487216141433,1.3286058120094264
2017-08-20 10:58:38.792,,,,
2017-08-28 11:01:11.425,24.602019746600128,3.5213752665148657,23.485452265922767,0.699512816908126
2017-08-29 10:52:29.660,29.218466358033634,2.4021299203039317,29.685069226745266,1.264443142539811
2017-09-06 10:55:00.191,,,,
2017-09-14 10:52:29.962,,,,
2017-09-22 10:54:58.506,21.505224833619643,2.4682435491650194,21.480764522466,1.5433151836861363
2017-09-29 11:01:10.190,,,,
2017-09-30 10:52:37.548,17.98460943532404,2.244843013020909,19.85565284817772,0.706334444379945
2017-10-08 10:55:00.587,,,,
2017-10-16 10:52:41.409,21.46980041146254,0.7958057759102595,21.216407687017245,0.5175360795016631
2017-10-24 10:55:02.159,,,,
2017-10-31 11:01:12.685,,,,
2017-11-01 10:52:41.575,,,,
2017-11-08 10:58:51.245,,,,
2017-11-09 10:55:00.636,,,,
2017-11-16 11:01:09.778,,,,
2017-11-17 10:52:37.854,8.519919324384874,0.7344011673846489,7.4136494519401825,0.675661311277858
2017-11-24 10:58:45.790,,,,
2017-11-25 10:54:55.895,6.5442660564257675,1.0020741414805237,6.036857429909345,0.6817436122779227
2018-01-12 10:54:24.170,,,,
2018-01-19 11:00:28.591,5.566514343798305,0.9728354016998066,4.992442408896167,0.5908576324833349
2018-01-28 10:54:08.962,,,,
2018-02-04 11:00:12.511,5.933038950034516,0.6033978480872088,5.963307036541105,0.6503939936323585
2018-02-05 10:52:15.283,3.7847781227157054,0.8065841523097315,,
2018-02-12 10:58:23.993,6.271941548398855,0.7251036596147771,5.406900684726046,0.5477222437577514
2018-02-13 10:53:55.685,,,,
2018-02-20 11:00:02.435,,,,
2018-02-21 10:52:09.707,,,,
2018-02-28 10:58:17.177,-0.7962740492862912,0.6867816484187886,,
2018-03-08 10:59:51.842,,,,
2018-03-09 10:52:01.310,,,,
2018-03-16 10:58:07.895,,,,
2018-04-17 10:57:52.052,17.176291611045507,1.6780865339270232,13.882659177243164,0.5988643737400031
2018-04-18 10:53:05.135,26.643453195367087,2.8274832337196822,25.656972744845994,0.43798849647952853
2018-04-25 10:59:08.434,20.024346581426265,3.0102142755105636,16.98455288878757,0.6391879703719259
2018-04-26 10:51:36.422,18.7860189671926,1.6226081894838922,,
2018-05-03 10:57:43.317,17.50318775685254,0.6512624213545115,15.442513985435394,
2018-05-04 10:52:47.450,26.46349340810554,4.269274685994233,23.888849232673948,0.8538188210024459
2018-05-11 10:58:50.926,,,,
2018-05-19 10:57:32.346,28.987892600980892,3.6914159400840427,25.815428161404128,0.7762870146838287
2018-05-20 10:52:32.203,27.975433261109593,3.812413070676011,25.737066664835886,1.1394618803348429
2018-05-27 10:58:36.411,,,,
2018-05-28 10:51:14.132,31.292000307054515,3.439353450926194,29.05736157768815,1.003403883031883
2018-06-13 10:51:15.883,29.86085270387762,1.5212274945953383,28.12960362654579,1.1725134856866937
2018-06-20 10:57:31.446,,,,
2018-06-21 10:51:59.087,29.001177098396216,3.352427567813594,28.851743955498556,1.2997483294717147
2018-06-28 10:58:01.665,34.08332318474887,4.082415952172274,32.75349165160961,2.0816075116358443
2018-06-29 10:51:26.077,35.176116127414986,2.436053235544224,34.13338967162285,1.3493921152863106
2018-07-06 10:57:40.545,36.471343625891805,3.623190756534143,30.941094120787678,1.4571544675933688
2018-07-07 10:51:39.731,36.75538980520095,3.327063427292524,35.53049233822918,1.280326356174212
2018-07-14 10:57:42.795,31.117240693735827,2.3662590475513072,36.66882151178083,2.419996229112828
2018-07-15 10:51:33.888,40.464764541671435,2.801709090982878,40.192418901133294,1.6419853265078992
2018-07-22 10:57:47.373,,,,
2018-07-23 10:51:22.922,41.30976956953372,4.244585404325617,40.657627364941106,2.3067592888527693
2018-07-31 10:51:41.116,32.94489017195869,2.097366889894971,,
2018-08-07 10:57:56.151,39.28626683840119,2.591697382854421,39.640566291387,1.7050352228251493
2018-08-08 10:51:05.636,24.14763374000006,,,
2018-08-23 10:58:04.336,,,,
2018-08-24 10:50:46.934,,,,
2018-08-31 10:56:49.024,,,27.28644919930234,1.477061266095902
2018-09-01 10:51:57.067,29.062004530118855,1.8199421581672046,27.795953853991698,1.4075489640045502
2018-09-09 10:50:26.591,,,,
2018-09-16 10:56:27.992,,,,
2018-09-17 10:52:01.535,28.886319191691946,1.5386570191147457,29.196027243807798,1.2760355537083803
2018-09-24 10:58:15.173,19.547249440835905,1.4325641425833915,18.865182294315083,0.9397048904440013
2018-09-25 10:50:04.703,20.738389733236325,2.3335947756205644,20.624658272521604,1.4167934077117808
2018-10-02 10:56:05.370,,,,
2018-10-03 10:52:09.074,,,,
2018-10-10 10:58:23.047,22.929761685065564,0.981122031933637,23.598645434914385,0.8617930371090233
2018-10-11 10:49:41.121,21.478371054766527,1.4720257325444859,24.17112539658942,1.4748638244644567
2018-10-18 10:55:41.646,,,,
2018-10-19 10:52:15.458,16.03093038748878,0.8954982252786455,,
2018-10-26 10:58:28.215,,,11.302510174450166,0.5631911737692534
2018-10-27 10:49:19.724,9.12457939426644,1.1459187927167072,9.88462966046239,1.243821513209225
2018-11-03 10:55:21.394,12.956523980371614,0.4415063528400041,,
2018-11-04 10:52:19.102,,,,
2018-11-11 10:58:30.627,12.407219586040496,0.6164533835012227,12.672875820890425,0.4934263233754861
2018-11-12 10:48:58.267,13.654472037605878,1.2456462247816797,14.052899197098826,0.791490698872715
2018-11-19 10:54:58.941,,,,
2018-12-13 10:58:26.533,2.409407777380098,0.8626985794996495,0.9426672770130808,0.5215790266514453
2019-01-14 10:58:24.907,7.612574869629007,0.7542180942095044,,
2019-01-15 10:47:10.452,,,,
2019-01-22 10:53:07.623,5.1598889086820625,0.9630135212949916,4.8435202363014,0.7845420196855483
2019-01-23 10:52:11.737,,,,
2019-01-30 10:58:20.912,3.70143925905627,0.7872721684147577,2.744475009571939,0.5032887591718501
2019-01-31 10:46:39.354,2.683933875830209,1.114876252744876,2.033642243871282,0.6278846880055301
2019-02-07 10:52:38.092,8.492010188791644,0.7894583504215801,7.501876340000024,
2019-02-15 10:58:18.998,10.347835299234616,0.9111855381636728,10.086198640034262,0.5981023270306787
2019-02-23 10:52:09.266,13.452436158902477,1.1999837226559587,13.778242418904128,0.8194332885727337
2019-02-24 10:52:06.127,14.188714811735121,0.9673901364190768,13.719436346427948,0.7502958389667905
2019-03-04 10:45:41.588,,,,
2019-03-11 10:51:38.886,12.059580585715723,1.4844122453993234,11.175928301849495,0.6781373919646225
2019-03-20 10:45:10.293,,,,
2019-03-27 10:51:06.873,,,,
2019-03-28 10:51:57.235,,,,
2019-04-05 10:44:37.416,,,,
2019-04-12 10:50:33.270,,,,
2019-04-13 10:51:52.305,16.261394838760772,1.3010604457826966,14.747238438014517,1.083155027136083
2019-04-20 10:58:00.102,27.492661852985254,2.2933120218583722,26.340869896095885,0.7482078109498044
2019-04-21 10:44:02.762,29.228807567208403,3.556474294600645,26.55636755891208,0.976410109705153
2019-04-28 10:49:57.835,,,,
2019-04-29 10:51:48.320,,,,
2019-05-06 10:58:02.856,,,,
2019-05-07 10:43:26.402,20.450903749084333,2.92746584393361,19.388166220843175,1.1181565871842567
2019-05-14 10:49:20.717,19.544450881896942,2.9635630369501524,20.883790094092486,1.1973379273586024
2019-05-15 10:51:58.132,23.712093081696032,2.8214332080125697,19.99749299677102,0.8087162906913632
2019-05-22 10:58:13.097,,,,
2019-05-23 10:42:48.867,30.60194563748387,3.684374121216254,29.14589301397057,1.5919548634135017
2019-05-30 10:48:45.141,23.621010940241256,2.407704515315222,,
2019-06-16 10:52:13.648,21.981285700806033,0.6697202517880364,24.91873138369933,0.8033870854307296
2019-06-23 10:58:26.695,,,,
2019-07-01 10:47:34.984,29.422232051339613,3.8566201462723906,,
2019-07-02 10:52:18.236,,,31.587493123762485,1.691130916447469
2019-07-09 10:58:30.394,,,,
2019-07-10 10:41:03.390,,,,
2019-07-17 10:46:57.726,,,,
2019-07-25 10:58:34.813,41.10921908898061,2.6005621690778216,41.526407184263704,1.6108504761737739
2019-07-26 10:40:25.349,,,,
2019-08-02 10:46:19.130,,,,
2019-08-03 10:52:27.811,,,,
2019-08-11 10:39:46.042,25.125812037951814,2.1129682288218183,,
2019-08-18 10:45:39.257,23.627249363630813,3.4136798134985846,22.509245855960376,1.2429472812304614
2019-08-19 10:52:32.967,25.441768935773894,2.6818606137130754,,
2019-08-26 10:58:45.404,35.50421832691557,2.1645974778493127,35.88436474851029,1.5401247728402825
2019-08-27 10:39:05.491,35.47327776852182,3.4604275586528597,36.09995868609248,2.5531531882392557
2019-09-03 10:44:58.162,,,,
2019-09-04 10:52:36.162,25.19799535477304,1.6595179703166327,23.834867162832253,1.4164500699018678
2019-09-12 10:38:23.647,,,,
2019-09-19 10:44:15.684,26.088478072036647,3.000527549883992,26.739453787773982,2.5634867856366004
2019-09-20 10:52:42.005,24.973840507931033,1.519060566163221,25.351773056908463,1.4161455227497008
2019-09-27 10:58:54.875,,,,
2019-09-28 10:37:41.636,,,,
2019-10-06 10:52:46.020,17.542087902574885,0.4958116423700901,16.616747109568124,0.47962572302502876
2019-10-22 10:52:47.557,16.353809080450652,1.0355458356754836,15.587993198395308,0.7093407586139125
2019-10-29 10:58:58.208,,,,
2019-10-30 10:36:20.624,,,,
2019-11-06 10:42:12.550,8.832680626197595,0.9680307574739359,6.986851733345531,0.6351360541495588
2019-11-07 10:52:46.283,10.969414970608637,0.6967285081711619,10.41360914292841,0.5371172093603538
2019-11-14 10:58:55.642,,,,
2019-11-22 10:41:27.917,,,,
2019-11-30 10:58:53.777,5.901040526672482,0.8195243920824964,5.224155391609604,0.45705178476697705
2019-12-09 10:52:42.339,8.50896948462837,0.5678888782270551,8.500155959555771,0.4957916750606625
2020-01-10 10:52:35.257,7.569374927501089,0.5574740771733647,7.319051349809627,0.5505205834851777
2020-01-17 10:58:44.512,,,,
2020-01-26 10:52:31.063,,,,
2020-02-02 10:58:39.213,,,,
2020-02-03 10:31:37.214,,,,
2020-02-10 10:37:26.549,7.514800176082002,0.8031188009472074,7.497328906763715,0.5612579741559857
2020-02-11 10:52:26.518,6.137996250729653,1.2485083134925121,6.965339304397117,0.5561873399205116
2020-02-18 10:58:35.833,7.1167936679950765,0.6230280857098456,,
2020-02-19 10:30:47.662,,,,
2020-02-26 10:36:36.256,,,,
2020-03-06 10:29:56.449,11.400759246920261,1.4520362506249433,9.573310900027357,1.461933318998656
2020-03-13 10:35:44.333,,,,
2020-03-21 10:58:22.856,,,,
2020-03-22 10:29:03.679,,,,
2020-03-29 10:34:50.879,,,,
2020-03-30 10:52:06.600,,,,
2020-04-06 10:58:13.979,20.23561426169375,1.7288271350013689,19.706996300760135,0.6282092901562126
2020-04-07 10:28:09.314,16.810373981492354,1.938827339677894,16.520203377037056,0.302581339033323
2020-04-14 10:33:55.774,19.717772981764178,3.1550926083336126,17.67401248059933,1.1547953979950745
2020-04-15 10:51:59.689,16.952701328493447,1.8686411403361678,15.420422417941998,0.820415468909423
2020-04-22 10:58:07.243,23.847009786590508,2.117659601010705,23.921321085993164,0.8491088308047189
2020-04-23 10:27:13.254,26.3614042636533,3.273247558096782,24.460775950462406,1.209668315220578
2020-04-30 10:32:58.949,,,,
2020-05-01 10:51:51.509,18.679853438461556,0.0,,
2020-05-08 10:57:57.957,,,,
2020-05-09 10:26:15.430,27.83917490604335,3.548264400781859,27.905006743119287,1.336769497814477
2020-05-16 10:32:00.373,,,,
2020-05-17 10:51:49.229,,,,
2020-05-24 10:58:01.425,27.360501828596927,2.148864095763869,26.94175423157536,1.4337187799200424
2020-05-25 10:25:15.956,32.57134666399119,3.6952089220743254,31.571745554208444,2.3772613754086103
2020-06-01 10:31:02.427,32.28121369606128,2.763518294142017,34.23377454416086,1.2007917154911658
2020-06-02 10:51:54.502,34.0634348768128,2.6360645723068816,34.23881288101542,1.8966603824819819
2020-06-09 10:58:09.876,,,,
2020-06-17 10:30:06.798,,,,
2020-06-25 10:58:18.702,37.976088628881826,2.7349466812604257,38.06700342448631,1.5780133336803444
2020-06-26 10:23:24.058,26.048032712778074,1.6257984024154966,,
2020-07-03 10:29:09.699,23.381720857029407,2.9551415972761617,,
2020-07-11 10:58:25.516,,,26.534012814315084,1.8687454088944726
2020-07-12 10:22:26.163,25.311444942306036,3.651427462349994,27.382614532830214,1.6777140991977593
2020-07-20 10:52:17.688,33.91155948476035,3.038193731549101,,
2020-07-28 10:21:26.942,,,,
2020-08-04 10:27:11.433,22.376614466152702,3.2947877760997524,,
2020-08-05 10:52:21.410,34.5438665524785,2.0862936280891633,36.12670735242977,1.7676921760920432
2020-08-12 10:58:33.497,39.77559773996168,2.7473324016190586,42.11197360527399,1.982809563703531
2020-08-13 10:20:26.370,35.11287446835016,2.6249092545534696,33.83715816266415,2.832279590220918
2020-08-21 10:52:27.807,,,,
2020-08-28 10:58:42.109,,,,
2020-09-05 10:25:07.751,,,,
2020-09-06 10:52:35.251,,,,
2020-09-13 10:58:48.625,28.394913560366017,1.6916191424975602,28.196380681404122,1.3509624145397103
2020-09-21 10:24:03.818,24.99308362175576,2.565835442211789,21.70768594691782,1.0155182434252743
2020-09-22 10:52:40.563,,,27.599963721681615,1.1481729161645349
2020-09-29 10:58:52.988,,,,
2020-09-30 10:17:18.919,,,,
2020-10-07 10:23:03.042,13.064180379971537,1.9080204242882268,16.88674706903597,0.6219639761625156
2020-10-15 10:58:54.728,10.534228635185931,0.5527980346820229,,
2020-10-16 10:16:17.466,,,12.749763549951258,0.8440964597732277
2020-11-01 10:15:13.935,,,,
2020-11-09 10:52:40.869,,,,
2020-11-16 10:58:52.078,,,,
2020-11-17 10:14:07.831,,,,
2021-01-12 10:52:35.637,,,,
2021-01-28 10:52:31.992,9.083483330313088,0.5749490774646151,,
2021-02-05 10:08:21.019,8.973601444995253,1.049785261972793,9.128419505992765,0.8076765299278023
2021-02-12 10:14:00.513,-0.20264526202793562,1.0420376523466468,-2.2910118264970536,0.6636682394237274
2021-02-13 10:52:28.945,-3.1319692128836785,0.39099181170705033,-3.7271250923828836,0.5416551615616868
2021-02-20 10:58:37.471,7.420336706215714,0.5976397048926705,7.928174321421248,0.4811200934463904
2021-02-21 10:07:08.879,,,,
2021-02-28 10:12:47.386,,,,
2021-03-01 10:52:22.815,,,,
2021-03-08 10:58:29.833,,,,
2021-03-09 10:05:54.379,12.971425168023014,1.5182144199655607,12.257861406445828,0.9263483564439592
2021-03-24 10:58:22.938,,,,
2021-03-25 10:04:37.603,,,,
2021-04-01 10:10:14.022,14.304811367704316,1.4683877544392692,13.244146723307136,0.8085555553245612
2021-04-02 10:52:09.936,,,,
2021-04-09 10:58:18.374,,,,
2021-04-17 10:08:54.027,19.816330610115727,2.9901568259738682,17.375633175806293,0.8112974860319967
2021-04-18 10:52:03.724,22.023596637976215,2.467003315584318,21.660448494478715,0.9851880255592032
2021-04-25 10:58:10.764,19.677012742941486,1.4856666887495193,20.10707328011987,0.773021269218283
2021-04-26 10:01:57.183,14.90304821190613,2.1173230719975167,13.365158358643374,0.9777897629862496
2021-05-03 10:07:33.058,,,,
2021-05-04 10:51:54.132,,,15.975815719918423,0.69146718553953
2021-05-11 10:58:06.959,24.338118620663394,2.2266931772238365,,
2021-05-12 10:00:37.279,,,,
2021-05-19 10:06:12.528,24.260384869908886,2.754983877797663,20.914186820000054,
2021-05-27 10:58:16.875,,,23.33243149434933,0.7828618933256063
2021-05-28 09:59:15.366,,,,
2021-06-04 10:04:50.744,,,,
2021-06-05 10:52:10.274,26.292478252465617,1.7653993358378826,28.892872248830496,0.9622993019054615
2021-06-12 10:58:23.797,32.14242897382701,2.950069868619339,,
2021-06-13 09:57:56.347,34.53052596764931,4.291060708836738,31.83314399671496,1.7264869277581494
2021-07-14 10:58:29.090,29.29773439146307,2.8237810976362336,,
2021-07-15 09:55:15.551,,,,
2021-07-22 10:00:50.106,36.45682259490767,4.455986612341543,31.747201499965747,1.0218461360691486
2021-07-23 10:52:22.788,30.79031272084395,2.326505715930448,27.98741578498642,0.8000808622910613
2021-08-07 09:59:25.689,,,,
2021-08-15 10:58:43.320,29.58987910406346,2.0586621676787202,25.309243901504182,0.873261331336884
2021-08-16 09:52:26.549,,,,
2021-08-24 10:52:34.897,27.01760868088011,1.649999702442857,,
2021-09-08 09:56:38.112,30.288719390317752,2.1621055122463018,28.254019770134995,1.0532948140682974
2021-09-09 10:52:39.691,,,,
2021-09-16 10:58:51.747,25.355626627283606,0.1093599491762272,,
2021-09-17 09:49:39.442,,,,
2021-09-24 09:55:12.482,19.290078542433776,1.019117826212705,20.53126610901346,0.9677346575949755
2021-10-03 09:48:13.915,,,,
2021-10-10 09:53:47.881,,,,
2021-10-11 10:52:48.421,,,,
2021-10-19 09:46:48.774,20.35516868098506,0.8809497378095713,19.255058016389775,1.204499198402202
2021-10-27 10:52:49.774,,,12.355918290825175,0.6613159641191031
2021-11-03 10:58:59.708,,,,
2021-11-04 09:45:20.042,,,,
2021-11-07 10:57:50.975,4.445933904841802,0.1418569810301122,5.926799842465768,0.4076197401421915
2021-11-11 09:50:50.345,,,,
2021-11-12 11:00:19.367,,,,
2021-11-28 10:52:45.281,3.1158823536571245,1.2062747588672158,2.696643437107909,0.4533815826761857
2022-01-07 10:52:39.541,5.218446601347171,0.6929001562835261,5.014057726110628,0.46797818189697543
2022-01-14 10:58:48.559,4.285925443634337,0.9230320883715136,2.217478846969197,0.40158357335720557
2022-01-15 10:52:37.008,,,,
2022-01-22 10:58:45.354,,,,
2022-01-30 10:58:51.010,7.236365667362952,0.6722682018371848,6.558892373750019,0.5562460781250489
2022-01-31 10:52:32.090,7.08679834010232,0.5878824256196251,7.26372828417953,0.5728048819246495
2022-02-07 10:58:41.950,8.74579201187772,0.6368631584196203,8.302543910051394,0.5284613770991861
2022-02-08 09:36:00.974,2.238484595808863,0.6161939517703792,1.3526140929876236,0.2935653025762118
2022-02-08 10:52:38.571,,,,
2022-02-16 10:52:27.635,13.78646330433618,0.36211738412824696,,
2022-02-23 10:58:36.322,,,,
2022-02-24 10:52:29.252,,,,
2022-03-12 09:32:51.379,,,12.590988939528573,0.6438854602726765
2022-03-19 09:38:19.863,14.216016765320411,1.268765348955871,13.809347846883583,0.6187547422137555
2022-03-19 10:58:34.636,16.478115806746164,1.2780653588689275,16.237362866678087,0.591932514404445
2022-03-20 10:52:16.219,15.144397609213947,1.7743141930917343,15.251331828857683,0.5762966379905736
2022-03-27 10:58:21.013,,,,
2022-03-28 09:31:18.585,,,,
2022-03-28 10:52:20.462,,,15.888607144959222,0.7358533194417551
2022-04-12 10:58:24.294,,,,
2022-04-13 10:52:15.986,,,,
2022-04-20 10:58:20.952,19.074146166570692,0.9796159130139795,,
2022-04-21 10:52:12.560,21.98927256436661,1.5885404828848473,21.393644780906634,0.8540723611585938
2022-04-29 10:52:08.769,,,,
2022-05-06 10:58:16.564,20.496092353252596,2.1966285963272725,18.69340062397262,0.7705040433372806
2022-05-07 09:30:00.757,18.039316720238993,0.7987153739440292,,
2022-05-14 10:58:29.985,29.837692202440135,2.541504194982904,26.419599690171257,0.9933788043208482
2022-05-15 10:51:59.070,,,,
2022-05-19 09:23:46.881,,,,
2022-05-22 10:58:05.247,35.15557649586135,3.032802330166879,31.527067481729453,1.1571159324421592
2022-05-24 09:29:22.085,,,,
2022-05-31 10:51:55.089,,,,
2022-06-07 10:58:06.594,,,,
2022-06-08 10:52:29.564,26.730722853787526,2.2575125584873774,26.894767893898486,0.7868622059786714
2022-06-10 09:28:29.042,,,,
2022-06-15 10:58:45.022,34.78513604796552,2.9664379805629015,32.28622321953768,1.247461979246146
2022-06-16 10:52:01.832,17.682652526987976,0.5072291290324116,22.47358226519493,1.1153469988620914
2022-06-22 09:21:57.666,31.214278863086804,2.9956362112085246,29.07346757871516,1.6691833194107009
2022-06-23 10:58:25.236,,,,
2022-06-24 10:52:37.518,,,,
2022-07-01 10:58:49.214,,,,
2022-07-02 10:52:15.912,,,,
2022-07-09 10:58:24.587,34.29662212623706,3.119861022080426,35.2776629278425,1.3707875615645857
2022-07-10 10:52:37.833,41.53687022044248,3.02208479903738,40.38284241800545,1.6461493798539708
2022-07-14 09:26:15.567,32.44149044672766,2.7297034391961597,32.686272837388636,1.064675281803585
2022-07-17 10:58:49.072,34.90127969231835,2.0775285262581904,34.91659703873288,1.4757928110061136
2022-07-18 10:52:15.575,43.00321266141748,2.3936236138060223,43.62355267354489,1.5467874133892687
2022-07-26 10:52:45.596,,,,
2022-08-03 10:52:29.320,,,,
2022-08-10 10:58:44.332,37.72291210933914,2.192350560680606,38.36083626114727,1.621852613490606
2022-08-11 10:52:54.032,40.81548964652196,2.5253129127831104,40.890199059029925,1.7654008691303456
2022-08-12 09:18:05.425,33.96696314313577,2.9981900897287312,34.22737592510429,1.9932949246156535
2022-08-18 10:59:06.487,30.601899056359,2.2114102901374273,,
2022-08-19 10:52:36.778,,,,
2022-08-26 10:58:48.583,31.689275854203252,2.6253425660834178,30.479536102568506,1.2150840635073357
2022-08-27 10:52:55.924,32.336722780205356,1.8964509783756074,,
2022-08-29 09:16:32.232,22.99900294589089,1.9093587066305842,,
2022-09-03 09:21:51.972,21.09852188870073,2.13862608354671,17.25781433518886,0.8664382299938413
2022-09-03 10:59:06.371,,,,
2022-09-04 10:52:37.543,,,,
2022-09-11 10:58:49.522,21.05615903574151,1.7519041883635087,19.75938022317815,0.9787026332169708
2022-09-12 10:53:00.680,,,,
2022-09-15 09:14:51.569,,,,
2022-09-20 09:20:08.300,,,,
2022-09-20 10:52:43.479,,,,
2022-09-27 10:58:56.026,14.693573528214305,1.274766229052568,,
2022-09-28 10:53:02.434,,,,
2022-10-06 10:52:44.184,17.438210451383696,1.0149461540030222,13.719453565659503,0.8255493998587857
2022-10-07 09:18:13.741,,,,
2022-10-13 10:58:59.938,,,,
2022-10-14 10:52:53.658,,,,
2022-10-19 09:10:55.267,,,,
2022-10-21 10:59:09.604,,,,
2022-10-22 10:52:51.184,,,,
2022-10-24 09:16:06.042,15.54256350255581,0.9924082040669401,15.386789209383574,0.7227458518953704
2022-10-29 10:59:00.994,,,,
2022-10-30 10:53:02.284,,,,
2022-11-14 10:59:02.914,,,,
2022-11-22 10:59:07.003,9.213843843075825,0.5916944748190239,9.482120227691281,0.23015796031760002
2022-11-23 10:52:51.334,10.985798300057024,0.5748325868944374,10.952782779070676,0.5307043320328099
2022-11-30 10:58:59.381,,,,
2022-12-01 10:52:57.619,,,,
2022-12-08 10:59:07.265,2.227367668515344,1.023135693703636,1.1012151167216147,0.5612525701421508
2022-12-09 10:52:50.716,,,,
2023-01-09 10:58:57.775,7.384111614363457,0.6106182974022545,7.76255631063358,0.45144178580342426
2023-01-18 10:52:40.597,2.2842048150166523,0.8719344545227323,1.3876206253581354,0.5183190954957456
2023-02-02 10:59:03.427,,,,
2023-02-03 10:52:46.580,,,,
2023-02-10 10:58:54.236,,,,
2023-02-19 10:52:35.055,,,,
2023-02-25 09:00:14.689,,,,
2023-02-26 10:58:38.073,,,7.438281837967153,0.2597423855401988
2023-02-27 10:52:39.864,,,,
2023-03-02 09:04:47.733,5.425350972643525,0.9096816009634292,5.587610411616379,0.4975019430168597
2023-03-14 10:58:32.691,,,,
2023-03-15 10:52:32.862,,,,
2023-03-22 10:58:40.426,,,,
2023-03-23 10:52:13.960,,,,
2023-03-30 10:58:22.419,,,13.849086778322455,0.7953160890987484
2023-04-05 08:54:51.577,,,,
2023-04-07 10:58:30.789,19.588320677208547,1.2493959423120014,18.35576287265412,0.5883161579552681
2023-04-08 10:52:01.237,,,,
2023-04-15 10:58:07.591,,,,
2023-04-16 10:52:14.816,,,,
2023-04-22 08:49:08.049,,,,
2023-04-23 10:58:24.647,,,,
2023-05-01 10:58:02.922,,,,
2023-05-02 10:52:05.336,,,,
2023-05-10 10:51:43.570,25.01250785680506,2.4514037088316907,,
2023-05-17 10:57:49.742,20.86383207110696,2.4519282920903653,20.157835421626732,0.9368492143675583
2023-05-18 10:51:58.339,,,,
2023-05-24 08:54:36.203,22.669169489862433,2.6881525425161024,19.050376959957216,0.8475648461082012
2023-05-25 10:58:03.048,29.18524775273551,1.9278057643140762,,
2023-05-26 10:51:42.242,28.798553800968545,2.2606029788744784,24.884107041196756,0.8224455535497455
2023-06-02 10:57:53.353,26.131660513933017,2.140645598258124,23.086466774606173,0.8594037472490098
2023-06-03 10:51:51.481,,,,
2023-06-05 08:44:00.647,,,,
2023-06-10 08:47:46.512,30.577940666193516,2.696737718714655,27.634440402592944,1.1836414607531411
2023-06-10 10:57:58.241,37.37146810476613,2.2903486813293337,35.78387485722603,0.8901256408513741
2023-06-11 10:51:49.709,,,,
2023-06-15 08:51:30.774,29.289885129339638,2.6201861072302544,21.876641226127614,0.6484887080827388
2023-06-18 10:58:02.634,,,,
2023-06-19 10:51:43.254,33.533537548080744,2.964157825103807,,
2023-06-26 10:57:54.754,,,,
2023-06-27 08:40:37.464,,,,
2023-06-27 10:51:56.961,,,,
2023-07-02 08:44:15.583,26.349663771237534,2.5266255213958195,24.95122274343841,1.1631665996056852
2023-07-05 10:51:55.616,24.994951553361094,1.7675478144769685,22.358824146038092,0.8032430676832986
2023-07-07 08:47:52.332,27.97782231323945,2.1085820140363296,25.094615905437664,1.0537827269558333
2023-07-12 10:58:10.086,,,,
2023-07-13 10:52:05.949,,,,
2023-07-20 10:58:16.119,33.8437827756447,2.622827592527141,31.547997862157548,1.3006916664559491
2023-07-21 10:51:59.515,,,,
2023-07-28 10:58:13.125,,,,
2023-07-29 08:43:43.149,,,21.926808502600654,0.7585932600999405
2023-07-29 10:52:12.860,,,,
2023-08-03 08:47:10.878,22.416971782484506,1.7099238037713407,,
2023-08-06 10:52:09.023,,,,
2023-08-13 10:58:20.980,,,,
2023-08-14 10:52:18.060,,,,
2023-08-15 08:35:37.851,23.880449715692578,1.7144778492680786,23.053141501844845,0.6084729340684281
2023-08-20 08:38:59.590,24.127360776402163,1.443135026214787,,
2023-08-21 10:58:33.272,,,26.98281357756859,0.9782608851532474
2023-08-22 10:52:14.268,,,,
2023-08-25 08:42:19.598,15.33354344943266,1.2030719555860823,,
2023-08-29 10:58:30.118,20.597412700099593,1.1114828821906735,22.13498075467808,0.5145591313869742
2023-08-30 10:52:23.647,28.08326794737155,2.2178290550878055,,
2023-09-06 10:58:32.036,33.050574242389395,1.6864464776397485,31.55210719804796,1.011231481073621
2023-09-07 10:52:24.757,35.43387778405723,1.7428058073513244,34.20876067958295,1.2734882274922257
2023-09-14 10:58:39.133,29.18991245792636,1.7104494693492798,27.733252570496592,1.214700461150183
2023-09-15 10:52:27.232,30.776068649305554,1.5791329590278331,29.320609372901206,1.3286371539702237
2023-09-16 08:36:56.864,20.553846340495188,1.3905615331547485,19.603550029329128,0.9196981744117299
2023-09-21 08:40:07.590,16.72846262048466,1.3594538819255515,17.5071385333733,0.8176222106521241
2023-09-22 10:58:38.391,22.59771477637294,1.4119384739444434,21.038438973613015,0.9026558936479684
2023-09-23 10:52:26.677,22.35664110916431,1.313898954427354,20.128285686071617,0.8636894402459125
2023-09-30 10:58:36.948,,,,
2023-10-01 10:52:31.282,,,,
2023-10-08 08:30:53.372,,,,
2023-10-08 10:58:43.071,,,,
2023-10-09 10:52:32.549,,,,
2023-10-16 10:58:48.823,,,,
2023-10-17 10:52:32.917,,,,
2023-10-24 10:58:45.796,14.931218456774202,,15.183166727226036,0.7013326002527275
2023-10-25 10:52:37.465,,,,
2023-11-01 10:58:42.822,,,,
2023-11-09 10:58:41.917,,,,
2023-11-17 10:58:46.357,9.840807963092105,0.718279644440587,9.129106217842482,0.6141127604949708
2023-11-25 10:58:49.552,5.3280701677261195,1.0823100678320245,4.581614798082213,0.5238649506841849
2023-12-11 10:58:43.394,,,,
2023-12-12 10:52:40.620,,,,
2024-01-05 10:52:27.911,,,,
2024-01-13 10:52:40.640,,,,
2024-01-20 10:58:49.609,,,,
2024-01-28 10:58:35.716,,,,
2024-01-29 10:52:40.217,,,,
2024-02-06 10:52:29.816,,,,
2024-03-01 10:52:33.509,,,,
2024-03-08 10:58:45.727,12.260719469159964,0.8549364932364688,12.098272506232894,0.5307610136578051
2024-03-09 10:52:15.444,,,,
2024-03-16 10:58:23.424,14.872093925431981,1.5462731023676302,8.907483479020174,0.17977095605012863
2024-03-24 10:58:40.793,15.12843940666935,1.3392673644405955,,
2024-04-01 10:58:11.315,18.46913037582984,1.9820454985690312,,
2024-04-02 10:52:24.341,,,16.65704092098023,0.5377603366283006
2024-04-10 10:51:58.932,,,,
2024-04-17 10:58:04.377,,,,
2024-04-18 10:52:12.651,22.141168618325807,2.2820624362205377,19.201249213055313,0.7728699523999187
2024-04-25 10:58:12.084,,,,
2024-04-26 10:51:49.640,,,,
2024-05-04 10:51:59.868,25.395801871001765,2.538581043662715,,
2024-05-11 10:58:10.128,22.23527746598682,1.9986238428639143,16.35048872482877,0.5740828108504212
2024-05-12 10:51:36.798,27.55027303121309,2.47597566695129,,
2024-05-19 10:57:41.489,29.606026423532292,2.235494673496772,25.62295641864727,0.7637937449987401
2024-05-20 10:51:51.741,31.2648330727989,2.6568613023588417,26.564382879510443,0.9904302612349666
2024-05-27 10:57:57.330,,,,
2024-06-05 10:51:45.537,25.486626181523924,2.0051603576763624,22.960920402864925,0.9067363169819292
2024-06-13 10:51:28.718,,,,
2024-06-20 10:57:47.211,27.42829578721534,2.472219360863967,28.143145742893847,0.9565073410274438
2024-06-21 10:51:27.879,,,,
2024-06-29 10:51:41.076,33.153773800171855,2.8625000906675204,27.821258075358124,1.2503970279967653
2024-07-07 10:51:43.240,,,,
2024-07-14 10:58:00.372,,,,
2024-07-15 10:51:52.801,,,,
2024-07-30 10:58:03.043,37.09945607960647,2.4426346478613437,34.20434784150685,1.067238885032115
2024-07-31 10:52:00.594,35.590888534810695,2.3671173025005565,33.092203000757976,0.8910741659936526
2024-08-08 10:51:54.487,,,,
2024-08-15 10:58:09.751,,,,
2024-08-16 10:52:05.367,33.416136440963975,2.6975594409377623,27.224519236459958,0.5167962176935376
2024-08-23 10:58:20.109,24.972032464822384,0.6225755879529431,26.483097467842466,1.030438638755395
2024-09-01 10:52:13.673,30.033018164447768,1.8034422571766404,30.520419094514978,1.3549755037478113
2024-09-16 10:58:24.498,17.520258157744557,0.16768824543871172,15.943171832180802,0.48331086025808034
2024-09-17 10:52:19.507,19.488968905899917,0.6586545726446923,16.720276280000007,
2024-10-03 10:52:15.497,,,,
2024-10-10 10:58:32.057,,,,
2024-10-11 10:52:20.678,15.493168437471628,1.1300974127034071,14.050483823844084,0.8495951528001483
2024-10-18 10:58:40.348,,,,
2024-10-26 10:58:36.775,,,,
2024-10-27 10:52:33.554,15.658070264328906,0.8620410892323827,14.915090007760668,0.6605337004357315
2024-11-11 10:58:34.923,,,,
2024-11-12 10:52:24.472,11.891087588686906,0.6665039045814857,9.74518222599277,0.6450521169229528
2024-11-20 10:52:30.224,,,,
2024-11-28 10:52:39.959,,,,
2024-12-05 10:58:45.307,,,,
2024-12-06 10:52:30.279,7.603593541604455,0.6490353479922357,7.8927871994288585,0.5201078317547744
2025-01-07 10:52:28.465,,,,
2025-01-22 10:58:46.634,,,,
2025-01-30 10:58:38.370,6.365473213170363,0.6049754010317754,6.143635994708922,0.5368003092746527
2025-03-03 10:58:25.998,11.930152686344938,1.1815380719356203,10.971730744126727,0.7594489322129295
2025-03-04 10:52:28.082,12.220426273044714,1.1179663533165292,11.18485710484135,0.7781440337705592
2025-03-11 10:58:37.642,,,,
2025-03-19 10:58:15.392,,,,
2025-03-20 10:52:15.482,22.80061494233603,1.77291151183866,21.78094394286493,0.7638654565111709
2025-03-27 10:58:26.902,,,,
2025-03-28 10:52:02.865,11.871073050722575,0.8184564217375077,11.85301579999998,
2025-04-04 10:58:13.805,,,,
2025-04-05 10:52:14.062,22.293422250051133,1.4341720692928628,21.476047055757046,0.7526426669907225
2025-04-12 10:58:27.299,25.475872859573567,1.7612728767793437,25.419821438133575,0.7585177843894305
2025-04-13 10:51:57.890,,,21.532645982484148,0.9717760150162106
2025-04-20 10:58:02.218,,,,
2025-04-21 10:52:11.062,,,,
2025-04-28 10:58:18.512,26.95585189039868,2.1440900064081276,23.935598411678093,0.8776151177805254
2025-04-29 10:51:48.946,31.159861959407824,2.241595435716909,28.86120796221218,1.0664940299901124
2025-05-06 10:57:58.094,,,,
2025-05-07 10:52:03.923,22.198015924050136,1.3006017302430812,22.951540043454234,1.196661962313296
2025-05-14 10:58:07.688,28.19990839254071,1.9587342660409517,30.01459001678085,1.28242386690023
2025-05-22 10:58:01.790,,,,
2025-05-23 10:51:53.498,29.200335102101747,2.4383258654928346,28.35717620384408,1.552408489801395
2025-05-30 10:58:01.241,32.72324129039639,1.3378381387442955,26.547998071400816,0.3513696884126007
2025-05-31 10:51:52.196,33.52610117435553,2.465170879587824,31.57881379071625,1.5928901606000945
2025-06-08 10:51:51.328,25.07477211637278,2.9208422867284205,,
2025-06-15 10:58:09.242,,,,
2025-06-16 10:52:02.643,32.78266159312731,1.4856110079488183,34.340943496027876,0.0
2025-06-23 10:58:17.490,,,,
2025-06-24 10:52:04.167,,,,
2025-07-01 10:58:17.400,,,,
2025-07-09 10:58:20.127,,,,
2025-07-10 10:52:06.785,40.53938193546093,3.1123509365760835,41.09492027717137,2.124307015330272
2025-07-18 10:52:14.621,36.4490851033941,2.5236888231872103,41.122413009310996,2.511262961378129
2025-07-25 10:58:27.519,31.77661288816545,1.6360103221009317,,
2025-08-02 10:58:29.011,,,,
2025-08-03 10:52:19.928,,,,
2025-08-10 10:58:35.300,35.10414826598195,2.3865598442924947,36.05243283376713,1.9860606887207293
2025-08-11 10:52:26.177,36.94894812210246,2.0236352641271718,35.210020005503196,1.5844569559239208
2025-08-19 10:52:26.925,,,,
2025-08-26 10:58:37.362,,,,
2025-08-27 10:52:30.940,,,,
2025-09-04 10:52:30.788,,,,
2025-09-11 10:58:42.318,,,22.259462754520555,0.9211291717738742
2025-09-12 10:52:37.041,21.432104408387126,0.4675551524069375,19.19988333691979,0.6799154829888997
2025-09-19 10:58:47.819,27.577504822572163,1.465104212719481,27.56142218441781,1.0716466835881608
2025-09-20 10:52:37.164,,,,
2025-09-27 10:58:48.549,,,,
2025-09-28 10:52:40.525,,,,
2025-10-05 10:58:52.150,,,16.08153414108786,0.9405636450603646
2025-10-06 10:52:38.629,22.40930607909557,1.2590345573660506,21.795594051051705,0.9692809103902182
2025-10-22 10:52:36.551,17.074656420096478,0.29906064787073616,17.096098028975533,0.7416522151012526
2025-10-30 10:52:39.500,,,,
2025-11-15 10:52:45.748,,,,
2025-11-23 10:52:42.139,9.820284678473882,0.6134847900317306,9.977587960009085,0.5269292704446341
2025-11-30 10:58:50.879,6.792510679842331,0.7442539119192453,6.53041673482879,0.457249609240958
2025-12-08 10:58:54.314,,,,
2026-01-09 10:58:52.180,,,,
2026-01-10 10:52:30.165,,,,
2026-01-17 10:58:42.795,,,,
2026-01-18 10:52:44.103,,,,
2026-03-14 10:58:34.311,14.470335454806653,1.2281676580301188,11.080543280000029,
