t,lst_impact,lst_control,delta_lst
2018-02-12 10:58:23.993,5.655171440925356,4.915454485445138,0.7397169554802181
2018-05-19 10:57:32.346,25.70904422705954,24.658025455778336,1.0510187712812034
2018-06-29 10:51:26.077,32.966986996029576,31.16206874280257,1.8049182532270045
2018-07-06 10:57:40.545,30.317717983130983,29.926789203283853,0.3909287798471297
2018-07-15 10:51:33.888,37.42399347100399,35.578686145172,1.845307325831989
2018-08-07 10:57:56.151,36.760588569821294,34.698090907198974,2.06249766262232
2018-09-01 10:51:57.067,26.408115588404975,26.164844837543985,0.24327075086099015
2018-09-17 10:52:01.535,27.94057880004339,26.417504779184743,1.5230740208586475
2018-09-24 10:58:15.173,17.5805537172966,16.689727060445975,0.8908266568506242
2018-10-10 10:58:23.047,22.21746196603397,22.160481805645734,0.05698016038823539
2018-10-19 10:52:15.458,15.578170626486727,15.081962738226764,0.4962078882599634
2018-10-26 10:58:28.215,11.913596790208933,11.59684840086759,0.31674838934134364
2018-11-11 10:58:30.627,11.96378950551177,11.775497035536937,0.18829246997483295
2018-12-13 10:58:26.533,3.3418965123479087,3.6174028477740796,-0.27550633542617087
2019-01-23 10:52:11.737,1.069180564443458,0.7839314301532645,0.2852491342901935
2019-01-30 10:58:20.912,2.622095732896323,2.4915202890332835,0.13057544386303954
2019-02-15 10:58:18.998,9.87893501377275,9.295652345033172,0.583282668739578
2019-02-24 10:52:06.127,13.72092764929509,13.311487304601291,0.40944034469379886
2019-04-20 10:58:00.102,25.561048890874478,26.013733107474945,-0.452684216600467
2019-05-15 10:51:58.132,21.647631393066884,18.794731883031865,2.8528995100350194
2019-07-25 10:58:34.813,38.54344722747921,36.71901716741544,1.8244300600637757
2019-08-19 10:52:32.967,24.971734223739507,24.069558132183474,0.9021760915560328
2019-08-26 10:58:45.404,32.760212078315774,30.916176609402186,1.8440354689135887
2019-09-04 10:52:36.162,23.556707517280707,22.84197216110576,0.7147353561749483
2019-09-20 10:52:42.005,24.85747807441024,23.311140858756694,1.5463372156535442
2019-10-06 10:52:46.020,17.589379727145545,17.913945526476457,-0.32456579933091234
2019-10-22 10:52:47.557,15.619108154396416,14.90381611638219,0.7152920380142263
2019-11-07 10:52:46.283,9.920612947981237,9.66188365319238,0.2587292947888571
2019-11-30 10:58:53.777,4.991681714999433,4.969701680010218,0.02198003498921519
2019-12-09 10:52:42.339,8.223362370929673,8.444037563536325,-0.22067519260665236
2020-01-10 10:52:35.257,7.0453453770192755,6.9700741312305965,0.07527124578867905
2020-01-17 10:58:44.512,6.194627418833516,9.000337226205529,-2.805709807372013
2020-02-11 10:52:26.518,6.0950985249002505,6.804572393340148,-0.7094738684398978
2020-02-18 10:58:35.833,8.116279778583237,7.214491952599018,0.9017878259842194
2020-04-06 10:58:13.979,21.469627931660792,19.707033039768802,1.7625948918919896
2020-04-15 10:51:59.689,14.514067111110505,12.70735205189302,1.8067150592174848
2020-04-22 10:58:07.243,22.475729338019192,21.66957224217092,0.806157095848274
2020-05-24 10:58:01.425,25.680302756805034,24.537913439990966,1.142389316814068
2020-06-02 10:51:54.502,31.72844880695783,30.392436783684097,1.3360120232737316
2020-06-25 10:58:18.702,36.036255894869285,33.810725597111706,2.2255302977575795
2020-07-20 10:52:17.688,31.8678906283408,28.4953499550013,3.3725406733395005
2020-08-05 10:52:21.410,33.841293949053195,31.570445838145243,2.270848110907952
2020-08-12 10:58:33.497,39.27966319810914,21.915816360982664,17.363846837126477
2020-09-13 10:58:48.625,28.230681040900087,24.818907243018664,3.4117737978814233
2020-09-22 10:52:40.563,29.571692242042687,26.127418558705763,3.444273683336924
2021-02-20 10:58:37.471,6.899949172275484,6.1253213229908905,0.7746278492845935
2021-04-18 10:52:03.724,17.55961864254012,17.324718162726132,0.23490047981398732
2021-04-25 10:58:10.764,17.63234744245233,18.466643436150136,-0.8342959936978076
2021-05-27 10:58:16.875,22.91143870300978,20.11457191831577,2.796866784694007
2021-06-12 10:58:23.797,28.227810795728164,27.611331576665194,0.6164792190629704
2021-07-23 10:52:22.788,26.22502585122072,24.60846208181404,1.6165637694066817
2021-08-24 10:52:34.897,24.25344279601342,20.116179385190627,4.1372634108227935
2021-09-16 10:58:51.747,24.537165102284103,23.411129454885824,1.1260356473982789
2021-11-03 10:58:59.708,9.317915338272067,9.57171218989986,-0.25379685162779175
2021-11-07 10:57:50.975,3.4782868776870526,4.508804829771985,-1.0305179520849324
2021-11-28 10:52:45.281,2.1790327845116315,2.2695568101146706,-0.09052402560303907
2022-01-07 10:52:39.541,4.79220234848496,4.833097548071352,-0.04089519958639265
2022-01-14 10:58:48.559,3.220235360298542,3.033032024214897,0.1872033360836447
2022-01-30 10:58:51.010,7.0226458097164155,6.588347110456191,0.4342986992602249
2022-01-31 10:52:32.090,6.872245347489217,7.201203906891682,-0.3289585594024649
2022-02-07 10:58:41.950,7.674407174865325,7.65092473165469,0.02348244321063575
2022-02-16 10:52:27.635,12.845235607098719,12.387716947761746,0.4575186593369729
2022-02-24 10:52:29.252,8.991753467933352,8.493707659296833,0.4980458086365189
2022-03-19 10:58:34.636,16.12778830727173,16.03131069329237,0.09647761397935994
2022-03-20 10:52:16.219,14.11153211533496,14.347538089975856,-0.23600597464089645
2022-04-21 10:52:12.560,20.233305768741918,19.59773261920002,0.6355731495418979
2022-05-06 10:58:16.564,20.762497163491506,17.409481749847597,3.3530154136439094
2022-05-14 10:58:29.985,28.334573752371732,25.177816968667205,3.1567567837045267
2022-05-22 10:58:05.247,32.490104866724266,28.98027802730889,3.509826839415375
2022-06-15 10:58:45.022,30.990136665960645,29.26888659473226,1.7212500712283862
2022-06-16 10:52:01.832,17.04268802083885,17.106613381374732,-0.06392536053588316
2022-07-09 10:58:24.587,30.54347113538916,31.004303302655384,-0.4608321672662221
2022-07-10 10:52:37.833,37.451707763205356,35.45959129781914,1.9921164653862178
2022-07-17 10:58:49.072,31.16443273708042,30.141563638389577,1.022869098690844
2022-07-18 10:52:15.575,41.06383596840432,39.35907277256561,1.7047631958387086
2022-08-10 10:58:44.332,37.16638001704418,34.01311443087327,3.1532655861709102
2022-08-11 10:52:54.032,40.04642755114744,36.611373761452256,3.435053789695182
2022-08-18 10:59:06.487,29.58546667090351,27.213796113812556,2.3716705570909546
2022-08-26 10:58:48.583,29.37852202815133,27.533932124284608,1.8445899038667228
2022-09-28 10:53:02.434,16.32624129514816,15.557008646009706,0.7692326491384556
2022-10-06 10:52:44.184,13.96372555763179,14.628448040000023,-0.6647224823682336
2022-11-22 10:59:07.003,9.112934710719449,9.764125244315956,-0.6511905335965071
2022-11-23 10:52:51.334,10.627890016555533,10.507820856969573,0.12006915958595954
2022-12-08 10:59:07.265,0.8412562179009557,0.950656813198947,-0.10940059529799129
2023-01-09 10:58:57.775,6.180381970112438,6.8260080556981615,-0.6456260855857234
2023-01-18 10:52:40.597,1.3440463015992103,1.390019113592972,-0.045972811993761686
2023-02-19 10:52:35.055,8.543632178136598,7.8260054591235875,0.7176267190130101
2023-03-22 10:58:40.426,15.78242511142514,14.87625646421257,0.906168647212569
2023-04-07 10:58:30.789,16.892595175896773,15.809782329241076,1.0828128466556972
2023-05-10 10:51:43.570,20.51838013840087,16.65810757475944,3.8602725636414306
2023-05-25 10:58:03.048,23.749769651834935,25.167142383855936,-1.4173727320210006
2023-05-26 10:51:42.242,23.963279194864903,24.097712554022962,-0.13443335915805932
2023-06-02 10:57:53.353,23.14743949963403,20.408474434048628,2.7389650655854005
2023-06-03 10:51:51.481,20.327952148506533,25.87583786957965,-5.5478857210731185
2023-06-10 10:57:58.241,35.2882283812614,34.269105864052825,1.0191225172085723
2023-07-20 10:58:16.119,28.6534477483191,26.992335616710925,1.6611121316081743
2023-08-29 10:58:30.118,20.384215776120996,18.752164494511728,1.632051281609268
2023-09-06 10:58:32.036,29.56423654530748,28.097381981260273,1.4668545640472068
2023-09-07 10:52:24.757,32.07332210413668,30.34543559792105,1.7278865062156292
2023-09-14 10:58:39.133,27.03996275233779,24.666400059946202,2.3735626923915873
2023-09-15 10:52:27.232,27.65757891450316,25.798845771684096,1.8587331428190623
2023-09-22 10:58:38.391,19.36836864198048,16.502074153001928,2.8662944889785535
2023-09-23 10:52:26.677,17.908561744426798,17.388129492224685,0.520432252202113
2023-10-16 10:58:48.823,3.152611648274221,2.417598663425755,0.7350129848484657
2023-10-24 10:58:45.796,13.646246437568754,12.909934335920024,0.7363121016487302
2023-11-17 10:58:46.357,9.332959784115497,8.825380188595819,0.5075795955196778
2023-11-25 10:58:49.552,4.594995598896353,4.54512072474077,0.04987487415558256
2024-03-08 10:58:45.727,11.276102000319426,11.7476692354882,-0.47156723516877364
2024-04-02 10:52:24.341,16.657097908150664,17.695888429177078,-1.0387905210264137
2024-04-18 10:52:12.651,16.121647029745787,15.083688044288662,1.0379589854571254
2024-05-04 10:51:59.868,20.931746208274355,17.475553990415765,3.4561922178585895
2024-05-11 10:58:10.128,20.04031095782354,17.044128396989873,2.9961825608336667
2024-05-19 10:57:41.489,23.59089340365192,24.647203694944192,-1.0563102912922737
2024-05-20 10:51:51.741,24.814148792546916,25.02331914316945,-0.2091703506225322
2024-06-20 10:57:47.211,26.840496103735273,26.77918790771294,0.061308196022331174
2024-06-21 10:51:27.879,28.883615955969095,29.942146352092067,-1.058530396122972
2024-06-29 10:51:41.076,28.118586987925408,22.807888333304476,5.310698654620932
2024-07-30 10:58:03.043,32.72432642599141,32.341393039892914,0.38293338609849314
2024-07-31 10:52:00.594,29.721941673787352,28.144712385396197,1.5772292883911554
2024-08-16 10:52:05.367,27.447027844607792,25.643727776657844,1.803300067949948
2024-08-23 10:58:20.109,24.30730000484285,24.25435491141046,0.05294509343239184
2024-09-01 10:52:13.673,29.408081654943892,24.639124793319766,4.768956861624126
2024-09-17 10:52:19.507,20.555718832172975,18.538253102430343,2.017465729742632
2024-10-11 10:52:20.678,13.747984389916486,12.696128657870092,1.051855732046393
2024-10-18 10:58:40.348,14.804364930468802,14.651841439930312,0.15252349053849024
2024-10-27 10:52:33.554,14.699662594141563,12.957600076066257,1.742062518075306
2024-11-11 10:58:34.923,6.928618138850097,8.154303957259048,-1.2256858184089507
2024-11-12 10:52:24.472,10.387778920687618,10.125749557691732,0.26202936299588586
2024-12-06 10:52:30.279,6.75937729273539,7.0886974708280475,-0.3293201780926571
2025-01-30 10:58:38.370,6.005036815315132,5.923895701869461,0.08114111344567121
2025-03-03 10:58:25.998,10.946591588581358,10.04605028972915,0.9005412988522075
2025-03-04 10:52:28.082,11.185445357805976,10.744724967893019,0.4407203899129577
2025-03-20 10:52:15.482,21.599431103778652,20.539373761844615,1.0600573419340371
2025-03-28 10:52:02.865,12.943421809068555,12.941377616132508,0.0020441929360472955
2025-04-05 10:52:14.062,20.65621217474332,20.01592913205606,0.6402830426872619
2025-04-12 10:58:27.299,23.61520900861914,22.053489857788318,1.5617191508308217
2025-04-28 10:58:18.512,26.81127437480932,24.277244239948228,2.5340301348610907
2025-04-29 10:51:48.946,28.210812517780887,26.658319164917234,1.552493352863653
2025-05-07 10:52:03.923,20.234787016288237,20.3812860068688,-0.14649899058056448
2025-05-14 10:58:07.688,26.951156183568063,25.490140458840628,1.4610157247274351
2025-07-10 10:52:06.785,39.30329317210797,35.449228093401295,3.8540650787066753
2025-07-18 10:52:14.621,38.58751374509865,34.48269392651132,4.10481981858733
2025-08-11 10:52:26.177,34.09564458607885,28.670613925696834,5.4250306603820135
2025-08-27 10:52:30.940,25.8758824717979,24.40568510625225,1.4701973655456513
2025-09-04 10:52:30.788,15.46240738582916,15.908887679210206,-0.4464802933810468
2025-09-12 10:52:37.041,21.429846896084683,21.373357095551615,0.05648980053306829
2025-09-19 10:58:47.819,25.982832711667314,24.99183771055196,0.9909950011153548
2025-10-05 10:58:52.150,16.094778620000056,15.97281494267244,0.12196367732761715
2025-10-06 10:52:38.629,20.765411092716782,19.756205766211494,1.0092053265052883
2025-11-23 10:52:42.139,9.32807347972175,9.173160107531235,0.15491337219051537
2025-11-30 10:58:50.879,6.473169662116966,6.648083241881927,-0.17491357976496058
